HILARY DIONNE,HILARY K. DIONNE
SERKALEM ABRHA,SERKALEM ABRAHA
AYANTU DAKEBO,AYANTU DAKEBO HAILEMARYAM
BIRUKTAIT DEGEFA,BIRUKTAYIT DEGEFA
NEELY SPENCE GRACEY,NEELY GRACEY
GISELA OLALDE GRANADOS,GISELA OLALDE
MELISSA JOHNSON-WHITE,MELISSA WHITE
JANET BAWCOM,JANET CHEROBON-BAWCOM
LINDSAY FLANAGAN,LINDSEY FLANAGAN
ERIN VERGARA,ERIN NEHUS-VERGARA
WHITNEY BEVINS,WHITNEY HEINS
SERKALEM ABRHA,SERKALEM BISET ABRHA
CHRISTINA VERGARA ALESHIRE,CHRISTINA VERGARA-ALESHIRE
JEN ROCK,JENNIFER ROCK
AYANTU DAKEBO,AYANTU DAKEBO HAILEMARIYAN
ROCIO CANTARA ROJAS,ROCIO CANTARA
MESKEREM ASSEFA,MESKEREM ASSEFA WONDIMAGEGN
JESSICA DRASKAU PETERSSON,JESS DRASKAU PETERSSON
JOVANA DE LA CRUZ CAPANI,JOVANA DE LA CRUZ
ALIPHINE TULIAMUK-BOLTON,ALIPHINE TULIAMUK
KATIE SCHIEMANN,KATIE M. SCHIEMANN
CAROLINE BOLLER,CAROLINE S. BOLLER
MADELINE DUHON,MADELINE E. DUHON
CHRISTINE SHAW,CHRISTINE E SHAW
SARAH MACKAY ROBINSON,SARAH ROBINSON
LEAH FROST,LEAH NOOK FROST
KRISTEN CARTER SCHAFER,KRISTEN SCHAFER
ALEXANDRA BERNARDI,ALEXANDRA E. BERNARDI
CAITLIN E. PHILLIPS,CAITLIN PHILLIPS
MARY AKOR BEASLEY,MARY AKOR
REBECCA (BECKY) WADE,REBECCA WADE
REBECCA (BECKY) WADE,BECKY WADE
SIMEGN ABNET,SIMEGN ABNET YESHANBEL
BIZUWORK GETAHUN,BIZUWORK GETAHUN KASAYE
BIZUWORK GETAHUN,BIZUWORK GETAHUN KAYSAYE
MARY JOY TABAL,MARY TABAL
